<?xml version="1.0" encoding="ISO-8859-15"?>
<uc-export clientvers="12.2.0+build.10176">
<DOCU name="PCK.CUSTOM_DELETE_OLD_STATIC_DATES.PUB.DOC">
<HEADER state="1">
<Title>Pack Documentation</Title>
<ArchiveKey1/>
<ArchiveKey2/>
<OH_SubType/>
</HEADER>
<DOCU_Allgemein state="1" type="text">
<DOC><![CDATA[
With the AWI it can take a while to open a static calendar keyword for editing
when there are many dates selected. So, you better delete the often some years
old ones that are not necessary anymore.

This tool is for deleting old dates from all static calendar keywords in a
selected calendar. In the promptset you can chose the calendar and up to which
date the old dates should be deleted.

�

Oracle only:
The two SQLI variables are only prepared for Oracle, I'm sure it's easy to
upgrade them to the other database languages (I appreciate any feedback).
]]></DOC>
</DOCU_Allgemein>
<DOCU_Details- state="1" type="xml">
<DOC/>
</DOCU_Details->
</DOCU>
</uc-export>