<?xml version="1.0" encoding="ISO-8859-15" standalone="no"?>
<uc-export clientvers="12.2.0+build.10176">
<FolderStruct>
<includeExternalObjects>0</includeExternalObjects>
<FOLD name="PCK.CUSTOM_DELETE_OLD_STATIC_DATES" title="">
<VARA id="10394045" link="0" name="PCK.CUSTOM_DELETE_OLD_STATIC_DATES.PUB.VAR.METADATA"/>
<FOLD name="ACTIONS" title="">
<FOLD name="TOOLS" title="">
<JOBP id="10395114" link="1" name="PCK.CUSTOM_DELETE_OLD_STATIC_DATES.PUB.ACTION.DELETE_OLD_SETTINGS"/>
</FOLD>
</FOLD>
<FOLD name="DOCUMENTATION" title="">
<DOCU id="10394047" link="0" name="PCK.CUSTOM_DELETE_OLD_STATIC_DATES.PUB.DOC"/>
<DOCU id="10394048" link="0" name="PCK.CUSTOM_DELETE_OLD_STATIC_DATES.PUB.LICENSES"/>
</FOLD>
<FOLD name="SOURCE" title="">
<FOLD name="DELETE_OLD_SETTINGS" title="">
<JOBP id="10395114" link="0" name="PCK.CUSTOM_DELETE_OLD_STATIC_DATES.PUB.ACTION.DELETE_OLD_SETTINGS"/>
<FOLD name="INTERNAL" title="">
<FOLD name="PROMPTSETS" title="">
<PRPT id="10394240" link="0" name="PCK.CUSTOM_DELETE_OLD_STATIC_DATES.PRV.PROMPTSET.DELETE_OLD_SETTINGS"/>
</FOLD>
<FOLD name="SCRIPTS" title="">
<SCRI id="10397001" link="0" name="PCK.CUSTOM_DELETE_OLD_STATIC_DATES.PRV.SCRI.DELETE_OLD_SETTINGS"/>
</FOLD>
<FOLD name="VARIABLES" title="">
<VARA id="10394011" link="0" name="PCK.CUSTOM_DELETE_OLD_STATIC_DATES.PRV.VARA.CALENDAR_STATIC"/>
<VARA id="10394248" link="0" name="PCK.CUSTOM_DELETE_OLD_STATIC_DATES.PRV.VARA.CALENDARS"/>
</FOLD>
</FOLD>
</FOLD>
</FOLD>
<FOLD name="TEMPLATES" title=""/>
</FOLD>
</FolderStruct>
<VARA OVD_VRName="FREI" data_type="STATIC" name="PCK.CUSTOM_DELETE_OLD_STATIC_DATES.PUB.VAR.METADATA" replacementmode="2">
<HEADER state="1">
<Title/>
<ArchiveKey1/>
<ArchiveKey2/>
<OH_SubType>STATIC</OH_SubType>
</HEADER>
<ATTR_VARA state="1">
<Type>C|Text</Type>
<lblSource>Static</lblSource>
<source>STATIC</source>
<VRName>FREI|Freely selected</VRName>
<NotFoundErr>0</NotFoundErr>
<NotFoundDef>1</NotFoundDef>
<ShareN>0</ShareN>
<ShareL>0</ShareL>
<ShareR>0</ShareR>
<MaxValue_C>1024</MaxValue_C>
<CheckMax_C>0</CheckMax_C>
<uppercase>0</uppercase>
<sortColumn>0</sortColumn>
<sortDirection>0</sortDirection>
<HostType/>
</ATTR_VARA>
<VARA state="1">
<Variables>
<row Name="Categories" Value="" Value1="" Value2="" Value3="" Value4=""/>
<row Name="Company" Value="Talanx Systeme AG" Value1="" Value2="" Value3="" Value4=""/>
<row Name="Dependencies" Value="" Value1="" Value2="" Value3="" Value4=""/>
<row Name="Description" Value="" Value1="" Value2="" Value3="" Value4=""/>
<row Name="Homepage" Value="www.talanx.com" Value1="" Value2="" Value3="" Value4=""/>
<row Name="License" Value="" Value1="" Value2="" Value3="" Value4=""/>
<row Name="Name" Value="PCK.CUSTOM_DELETE_OLD_STATIC_DATES" Value1="" Value2="" Value3="" Value4=""/>
<row Name="Package Format Version" Value="0.3.0" Value1="" Value2="" Value3="" Value4=""/>
<row Name="Restricted To Client" Value="" Value1="" Value2="" Value3="" Value4=""/>
<row Name="Title" Value="Delete old selected dates from static calendar keywords" Value1="" Value2="" Value3="" Value4=""/>
<row Name="Type" Value="Action Pack" Value1="" Value2="" Value3="" Value4=""/>
<row Name="Version" Value="1.0.0" Value1="" Value2="" Value3="" Value4=""/>
<row Name="Action.Builder.Version" Value="3.1.0-8494" Value1="" Value2="" Value3="" Value4=""/>
<row Name="Action.Builder.Library" Value="12.2.0+build.10176" Value1="" Value2="" Value3="" Value4=""/>
<row Name="Action.Builder.Exported" Value="2018-10-25T12:25:00+0200" Value1="" Value2="" Value3="" Value4=""/>
</Variables>
</VARA>
<DOCU_Allgemein state="1" type="text">
<DOC/>
</DOCU_Allgemein>
<DOCU_Details- state="1" type="xml">
<DOC/>
</DOCU_Details->
</VARA>
<DOCU name="PCK.CUSTOM_DELETE_OLD_STATIC_DATES.PUB.DOC">
<HEADER state="1">
<Title>Pack Documentation</Title>
<ArchiveKey1/>
<ArchiveKey2/>
<OH_SubType/>
</HEADER>
<DOCU_Allgemein state="1" type="text">
<DOC><![CDATA[
With the AWI it can take a while to open a static calendar keyword for editing
when there are many dates selected. So, you better delete the often some years
old ones that are not necessary anymore.

This tool is for deleting old dates from all static calendar keywords in a
selected calendar. In the promptset you can chose the calendar and up to which
date the old dates should be deleted.



Oracle only:
The two SQLI variables are only prepared for Oracle, I'm sure it's easy to
upgrade them to the other database languages (I appreciate any feedback).
]]></DOC>
</DOCU_Allgemein>
<DOCU_Details- state="1" type="xml">
<DOC/>
</DOCU_Details->
</DOCU>
<DOCU name="PCK.CUSTOM_DELETE_OLD_STATIC_DATES.PUB.LICENSES">
<HEADER state="1">
<Title/>
<ArchiveKey1/>
<ArchiveKey2/>
<OH_SubType/>
</HEADER>
<DOCU_Allgemein state="1" type="text">
<DOC/>
</DOCU_Allgemein>
<DOCU_Details- state="1" type="xml">
<DOC/>
</DOCU_Details->
</DOCU>
<JOBP AllowExternal="1" name="PCK.CUSTOM_DELETE_OLD_STATIC_DATES.PUB.ACTION.DELETE_OLD_SETTINGS">
<XHEADER state="1">
<Title>Delete old selected dates from static calendar keywords</Title>
<ArchiveKey1/>
<ArchiveKey2/>
<Active>1</Active>
<OH_SubType/>
<CustomAttributes KeyListID="0" dataRequestID="0"/>
</XHEADER>
<SYNCREF state="1">
<Syncs/>
</SYNCREF>
<ATTR_JOBP state="1">
<Queue>CLIENT_QUEUE</Queue>
<ChildQueue>*OWN</ChildQueue>
<StartType/>
<ExtRepDef>1</ExtRepDef>
<ExtRepAll>0</ExtRepAll>
<ExtRepNone>0</ExtRepNone>
<IntAccount/>
<AutoDeactNo>0</AutoDeactNo>
<AutoDeact1ErrorFree>0</AutoDeact1ErrorFree>
<AutoDeactErrorFree>1</AutoDeactErrorFree>
<DeactWhen>ANY_OK</DeactWhen>
<AutoDeactAlways>0</AutoDeactAlways>
<DeactDelay>0</DeactDelay>
<ActAtRun>1</ActAtRun>
<UC4Priority>0</UC4Priority>
<PassPriority>0</PassPriority>
<MaxParallel2>0</MaxParallel2>
<ReuseHG>1</ReuseHG>
<MpElse1>1</MpElse1>
<MpElse2>0</MpElse2>
<TZ/>
<RWhen/>
<RExecute/>
<JPA_SubType/>
</ATTR_JOBP>
<JOBP state="1">
<JobpStruct mode="design">
<task Alias="" BranchType="0" Col="1" Lnr="1" OType="&lt;START&gt;" Object="START" ParentAlias="" ParentObject="" Row="2" Text2="">
<checkpoint RollbackFlag="0" RunPerPatch="0" RunPerTarget="0" TcpADays="0" TcpATime="00:00" TcpATimeTZ="" TcpExecute="" TcpOn="0" promptatgen="0" showprompt="0"/>
<after ActFlg="1" AtimOn="0" ErlstStDays="0" ErlstStTime="00:00" ErlstStTimeTZ="" HoldFlg="0"/>
<when ChkWhenExec="0" LtstEnd="0" LtstEndDays="0" LtstEndTime="00:00" LtstSt="0" LtstStDays="0" LtstStTime="00:00" LtstTimeTZ="" WCTypeAND="1" WCTypeOR="0" WElseA="0" WElseH="0" WElseS="1" WElseX="0" WhenExecute="" WtimOn="0"/>
<preconditions>
<PreCon>
<conditions id="CONDITIONS"/>
</PreCon>
</preconditions>
<predecessors/>
<runtime MrtCancel="0" MrtDays="0" MrtErt="0" MrtExecute="0" MrtExecuteObj="" MrtFix="0" MrtMethodDate="0" MrtMethodErt="0" MrtMethodFix="0" MrtMethodNone="1" MrtOn="1" MrtTZ="" MrtTime="00:00" SrtErt="0" SrtFix="0" SrtMethodErt="0" SrtMethodFix="0" SrtMethodNone="1"/>
<result ChkRExec="0" RElseHalt="0" RElseIgn="0" RElseJPAbend="0" RExecFlag="0" RExecute="" RRepMTimes="0" RRepOn="0" RRepWait="0" RWhen=""/>
<dynvalues>
<dyntree>
<node content="1" id="PCK.CUSTOM_DELETE_OLD_STATIC_DATES.PRV.PROMPTSET.DELETE_OLD_SETTINGS" name="PCK.CUSTOM_DELETE_OLD_STATIC_DATES.PRV.PROMPTSET.DELETE_OLD_SETTINGS" parent="PPRPTS" type="PPROMPTSET">
<PROMPTSET name="PCK.CUSTOM_DELETE_OLD_STATIC_DATES.PRV.PROMPTSET.DELETE_OLD_SETTINGS">
<PRPTBOX promptset="PCK.CUSTOM_DELETE_OLD_STATIC_DATES.PRV.PROMPTSET.DELETE_OLD_SETTINGS">
<ELEMENT ReadFromTable="OPUD" altview="0" haslist="0" msginsert="" msgnr="" promptname="ELEMENT" promptsetname="PCK.CUSTOM_DELETE_OLD_STATIC_DATES.PRV.PROMPTSET.DELETE_OLD_SETTINGS"/>
<PRPT_CALENDARs.00 ReadFromTable="OPSE" altview="0" haslist="0" msginsert="" msgnr="" promptname="PRPT_CALENDAR#" promptsetname="PCK.CUSTOM_DELETE_OLD_STATIC_DATES.PRV.PROMPTSET.DELETE_OLD_SETTINGS"/>
<PRPT_TODATEs.00 ReadFromTable="OPSE" altview="0" haslist="0" msginsert="" msgnr="" promptname="PRPT_TODATE#" promptsetname="PCK.CUSTOM_DELETE_OLD_STATIC_DATES.PRV.PROMPTSET.DELETE_OLD_SETTINGS">2018-09-27</PRPT_TODATEs.00>
</PRPTBOX>
</PROMPTSET>
</node>
</dyntree>
</dynvalues>
<CIT/>
<calendars CCTypeAll="0" CCTypeExt="0" CCTypeNone="0" CCTypeOne="1" CaleOn="0"/>
<postconditions>
<PostCon>
<conditions id="CONDITIONS"/>
</PostCon>
</postconditions>
</task>
<task Alias="" BranchType="0" Col="2" Lnr="2" OType="SCRI" Object="PCK.CUSTOM_DELETE_OLD_STATIC_DATES.PRV.SCRI.DELETE_OLD_SETTINGS" ParentAlias="" ParentObject="" Row="2" Text2="">
<checkpoint RollbackFlag="0" RunPerPatch="0" RunPerTarget="0" TcpADays="0" TcpATime="00:00" TcpATimeTZ="" TcpExecute="" TcpOn="0" promptatgen="0" showprompt="0"/>
<after ActFlg="1" AtimOn="0" ErlstStDays="0" ErlstStTime="00:00" ErlstStTimeTZ="" HoldFlg="0"/>
<when ChkWhenExec="0" LtstEnd="0" LtstEndDays="0" LtstEndTime="00:00" LtstSt="0" LtstStDays="0" LtstStTime="00:00" LtstTimeTZ="" WCTypeAND="1" WCTypeOR="0" WElseA="0" WElseH="0" WElseS="1" WElseX="0" WhenExecute="" WtimOn="0"/>
<preconditions>
<PreCon>
<conditions id="CONDITIONS"/>
</PreCon>
</preconditions>
<predecessors>
<pre BranchType="0" Lnr="1" PreLnr="1" When="" type="container"/>
</predecessors>
<runtime MrtCancel="0" MrtDays="0" MrtErt="0" MrtExecute="0" MrtExecuteObj="" MrtFix="0" MrtMethodDate="0" MrtMethodErt="0" MrtMethodFix="0" MrtMethodNone="1" MrtOn="1" MrtTZ="" MrtTime="00:00" SrtErt="0" SrtFix="0" SrtMethodErt="0" SrtMethodFix="0" SrtMethodNone="1"/>
<result ChkRExec="0" RElseHalt="0" RElseIgn="0" RElseJPAbend="0" RExecFlag="0" RExecute="" RRepMTimes="0" RRepOn="0" RRepWait="0" RWhen=""/>
<dynvalues>
<dyntree>
<node content="1" id="VALUE" name="Variables" parent="" type="TASKVALUE">
<VALUE state="2">
<Values>
<row ERTUsage="0" Mod="0" Name="&amp;CALENDAR#" Value="&amp;PRPT_CALENDAR#"/>
<row ERTUsage="0" Mod="0" Name="&amp;TO_DATE#" Value="&amp;PRPT_TODATE#"/>
</Values>
<Mode>0</Mode>
</VALUE>
</node>
<node content="1" id="PVALUE" name="Parent Variables" parent="" type="TASKVALUE">
<VALUE state="2">
<Values/>
<Mode>0</Mode>
</VALUE>
</node>
<node content="1" id="PRPTS" name="PromptSets" parent="" pref="1" type="PROMPTSET"/>
<node content="0" id="PPRPTS" name="Parent PromptSets" parent="" type="PPROMPTSET"/>
<node content="1" id="PCK.CUSTOM_DELETE_OLD_STATIC_DATES.PRV.PROMPTSET.DELETE_OLD_SETTINGS" name="PCK.CUSTOM_DELETE_OLD_STATIC_DATES.PRV.PROMPTSET.DELETE_OLD_SETTINGS" parent="PPRPTS" type="PPROMPTSET">
<PROMPTSET name="PCK.CUSTOM_DELETE_OLD_STATIC_DATES.PRV.PROMPTSET.DELETE_OLD_SETTINGS">
<PRPTBOX promptset="PCK.CUSTOM_DELETE_OLD_STATIC_DATES.PRV.PROMPTSET.DELETE_OLD_SETTINGS">
<ELEMENT ReadFromTable="OPUD" altview="0" haslist="0" msginsert="" msgnr="" promptname="ELEMENT" promptsetname="PCK.CUSTOM_DELETE_OLD_STATIC_DATES.PRV.PROMPTSET.DELETE_OLD_SETTINGS"/>
<PRPT_CALENDARs.00 ReadFromTable="OPSE" altview="0" haslist="0" msginsert="" msgnr="" promptname="PRPT_CALENDAR#" promptsetname="PCK.CUSTOM_DELETE_OLD_STATIC_DATES.PRV.PROMPTSET.DELETE_OLD_SETTINGS"/>
<PRPT_TODATEs.00 ReadFromTable="OPSE" altview="0" haslist="0" msginsert="" msgnr="" promptname="PRPT_TODATE#" promptsetname="PCK.CUSTOM_DELETE_OLD_STATIC_DATES.PRV.PROMPTSET.DELETE_OLD_SETTINGS">2018-09-27</PRPT_TODATEs.00>
</PRPTBOX>
</PROMPTSET>
</node>
</dyntree>
</dynvalues>
<CIT/>
<calendars CCTypeAll="0" CCTypeExt="0" CCTypeNone="0" CCTypeOne="1" CaleOn="0"/>
<postconditions>
<PostCon>
<conditions id="CONDITIONS"/>
</PostCon>
</postconditions>
</task>
<task Alias="" BranchType="0" Col="3" Lnr="3" OType="&lt;END&gt;" Object="END" ParentAlias="" ParentObject="" Row="2" Text2="">
<checkpoint RollbackFlag="0" RunPerPatch="0" RunPerTarget="0" TcpADays="0" TcpATime="00:00" TcpATimeTZ="" TcpExecute="" TcpOn="0" promptatgen="0" showprompt="0"/>
<after ActFlg="1" AtimOn="0" ErlstStDays="0" ErlstStTime="00:00" ErlstStTimeTZ="" HoldFlg="0"/>
<when ChkWhenExec="0" LtstEnd="0" LtstEndDays="0" LtstEndTime="00:00" LtstSt="0" LtstStDays="0" LtstStTime="00:00" LtstTimeTZ="" WCTypeAND="1" WCTypeOR="0" WElseA="0" WElseH="0" WElseS="1" WElseX="0" WhenExecute="" WtimOn="0"/>
<preconditions>
<PreCon>
<conditions id="CONDITIONS"/>
</PreCon>
</preconditions>
<predecessors>
<pre BranchType="0" Lnr="1" PreLnr="2" When="" type="container"/>
</predecessors>
<runtime MrtCancel="0" MrtDays="0" MrtErt="0" MrtExecute="0" MrtExecuteObj="" MrtFix="0" MrtMethodDate="0" MrtMethodErt="0" MrtMethodFix="0" MrtMethodNone="1" MrtOn="1" MrtTZ="" MrtTime="00:00" SrtErt="0" SrtFix="0" SrtMethodErt="0" SrtMethodFix="0" SrtMethodNone="1"/>
<result ChkRExec="0" RElseHalt="0" RElseIgn="0" RElseJPAbend="0" RExecFlag="0" RExecute="" RRepMTimes="0" RRepOn="0" RRepWait="0" RWhen=""/>
<dynvalues>
<dyntree>
<node content="1" id="PCK.CUSTOM_DELETE_OLD_STATIC_DATES.PRV.PROMPTSET.DELETE_OLD_SETTINGS" name="PCK.CUSTOM_DELETE_OLD_STATIC_DATES.PRV.PROMPTSET.DELETE_OLD_SETTINGS" parent="PPRPTS" type="PPROMPTSET">
<PROMPTSET name="PCK.CUSTOM_DELETE_OLD_STATIC_DATES.PRV.PROMPTSET.DELETE_OLD_SETTINGS">
<PRPTBOX promptset="PCK.CUSTOM_DELETE_OLD_STATIC_DATES.PRV.PROMPTSET.DELETE_OLD_SETTINGS">
<ELEMENT ReadFromTable="OPUD" altview="0" haslist="0" msginsert="" msgnr="" promptname="ELEMENT" promptsetname="PCK.CUSTOM_DELETE_OLD_STATIC_DATES.PRV.PROMPTSET.DELETE_OLD_SETTINGS"/>
<PRPT_CALENDARs.00 ReadFromTable="OPSE" altview="0" haslist="0" msginsert="" msgnr="" promptname="PRPT_CALENDAR#" promptsetname="PCK.CUSTOM_DELETE_OLD_STATIC_DATES.PRV.PROMPTSET.DELETE_OLD_SETTINGS"/>
<PRPT_TODATEs.00 ReadFromTable="OPSE" altview="0" haslist="0" msginsert="" msgnr="" promptname="PRPT_TODATE#" promptsetname="PCK.CUSTOM_DELETE_OLD_STATIC_DATES.PRV.PROMPTSET.DELETE_OLD_SETTINGS">2018-09-27</PRPT_TODATEs.00>
</PRPTBOX>
</PROMPTSET>
</node>
</dyntree>
</dynvalues>
<CIT/>
<calendars CCTypeAll="0" CCTypeExt="0" CCTypeNone="0" CCTypeOne="1" CaleOn="0"/>
<postconditions>
<PostCon>
<conditions id="CONDITIONS"/>
</PostCon>
</postconditions>
</task>
<OPTIONS/>
</JobpStruct>
</JOBP>
<RUNTIME state="1">
<MaxRetCode>0</MaxRetCode>
<MrcExecute/>
<MrcElseE>0</MrcElseE>
<FcstStatus>0| |</FcstStatus>
<Ert>1</Ert>
<ErtMethodDef>1</ErtMethodDef>
<ErtMethodFix>0</ErtMethodFix>
<ErtFix>0</ErtFix>
<ErtDynMethod>2|Average</ErtDynMethod>
<ErtMethodDyn>0</ErtMethodDyn>
<ErtCnt>0</ErtCnt>
<ErtCorr>0</ErtCorr>
<ErtIgn>0</ErtIgn>
<ErtIgnFlg>0</ErtIgnFlg>
<ErtMinCnt>0</ErtMinCnt>
<MrtMethodNone>1</MrtMethodNone>
<MrtMethodFix>0</MrtMethodFix>
<MrtFix>0</MrtFix>
<MrtMethodErt>0</MrtMethodErt>
<MrtErt>0</MrtErt>
<MrtMethodDate>0</MrtMethodDate>
<MrtDays>0</MrtDays>
<MrtTime>00:00</MrtTime>
<MrtTZ/>
<SrtMethodNone>1</SrtMethodNone>
<SrtMethodFix>0</SrtMethodFix>
<SrtFix>0</SrtFix>
<SrtMethodErt>0</SrtMethodErt>
<SrtErt>0</SrtErt>
<MrtCancel>0</MrtCancel>
<MrtExecute>0</MrtExecute>
<MrtExecuteObj/>
</RUNTIME>
<DYNVALUES state="1">
<dyntree>
<node content="1" id="VALUE" name="Variables" parent="" type="VALUE">
<VALUE state="1">
<Values/>
<Mode>0</Mode>
</VALUE>
</node>
<node content="1" id="PCK.CUSTOM_DELETE_OLD_STATIC_DATES.PRV.PROMPTSET.DELETE_OLD_SETTINGS" name="PCK.CUSTOM_DELETE_OLD_STATIC_DATES.PRV.PROMPTSET.DELETE_OLD_SETTINGS" parent="PRPTS" type="PROMPTSET">
<PROMPTSET name="PCK.CUSTOM_DELETE_OLD_STATIC_DATES.PRV.PROMPTSET.DELETE_OLD_SETTINGS" ontop="1">
<PRPTBOX promptset="PCK.CUSTOM_DELETE_OLD_STATIC_DATES.PRV.PROMPTSET.DELETE_OLD_SETTINGS" prptmode="1"/>
</PROMPTSET>
</node>
</dyntree>
</DYNVALUES>
<DEPLOYMENT state="1">
<DeploymentFlag>0</DeploymentFlag>
<WFTypeA>1</WFTypeA>
<WFTypeC>0</WFTypeC>
<AppName/>
<WFName/>
<ComponentName/>
</DEPLOYMENT>
<ROLLBACK state="1">
<RollbackFlag>0</RollbackFlag>
<CBackupObj/>
<CRollbackObj/>
<FBackupPath/>
<FDeleteBefore>0</FDeleteBefore>
<FInclSubDirs>0</FInclSubDirs>
</ROLLBACK>
<SCRIPT mode="1" state="1">
<MSCRI/>
</SCRIPT>
<DOCU_Allgemein state="1" type="text">
<DOC/>
</DOCU_Allgemein>
<DOCU_Details- state="1" type="xml">
<DOC/>
</DOCU_Details->
</JOBP>
<PRPT name="PCK.CUSTOM_DELETE_OLD_STATIC_DATES.PRV.PROMPTSET.DELETE_OLD_SETTINGS">
<HEADER state="1">
<Title/>
<ArchiveKey1/>
<ArchiveKey2/>
<OH_SubType/>
</HEADER>
<PROMPTDESIGNER state="1">
<DESIGNER/>
</PROMPTDESIGNER>
<PROMPTSETXUI state="1">
<XUIEDITOR><![CDATA[<dialog height="506" icon="PRPT" id="PRPTS" left="279" top="4" width="420"><readpanel fill="b" id="PRPTBOX" nl="1" scroll="v" text="PRPT"><properties><entry name="text">PRPT</entry><entry name="modifiable">0</entry></properties><label fill="b" id="LABEL1s.00" nl="1" text="Delete old selected dates from static calendar keywords:" tooltip="" alt="0"><properties><entry name="id">LABEL1s.00</entry><entry name="tooltip"/><entry name="customfield"/><entry name="modifiable">1</entry><entry name="text">Delete old selected dates from static calendar keywords:</entry></properties></label><combo alt="1" dynamic="0" enabled="1" fill="b" filter="0" focus="1" id="PRPT_CALENDARs.00" nl="1" quotes="" strict="1" text="Calendar" tooltip="" vtype="i"><command request="_internal" target="_view" targetaction="setAttribute" targetparam="promptname|@id"/><command owner="_self" owneraction="setsource" ownerparam="src|_dialog@src"/><command owner="_promptsetcontainer" owneraction="getData" request="getpromptcombolist" target="_self" targetaction="setlist" wait="0"/><properties><entry listparam="C" name="reference" reftype="SQLI">PCK.CUSTOM_DELETE_OLD_STATIC_DATES.PRV.VARA.CALENDARS</entry><entry name="text">Calendar</entry><entry name="quotes"/><entry name="id">PRPT_CALENDARs.00</entry><entry name="enabled">0</entry><entry name="focus">1</entry><entry name="tooltip"/><entry name="dynamic">0</entry><entry name="customfield"/><entry name="xmlkey"/><entry name="xmlpath"/><entry name="modifiable">1</entry><entry name="initvalue"/><entry name="onchangereset"/><entry name="resetable">1</entry></properties></combo><datefield alt="1" enabled="1" fill="b" focus="0" id="PRPT_TODATEs.00" max="" min="" nl="1" strict="1" text="Delete up to this date" tooltip=""><properties><entry listparam="D" name="reference" reftype="STATIC">UC_DATATYPE_DATE</entry><entry name="calendar"/><entry name="key"/><entry name="doutputformat">YYMMDD</entry><entry name="text">Delete up to this date</entry><entry alias="min" name="dmin"/><entry alias="max" name="dmax"/><entry name="id">PRPT_TODATEs.00</entry><entry name="enabled">0</entry><entry name="focus">0</entry><entry name="tooltip"/><entry name="customfield"/><entry name="modifiable">1</entry><entry name="initvalue">2018-09-27</entry></properties></datefield><label fill="b" id="LABEL2s.00" nl="1" text="All selected dates from static calendar keywords up to this date will be deleted." tooltip="" alt="0"><properties><entry name="id">LABEL2s.00</entry><entry name="tooltip"/><entry name="customfield"/><entry name="modifiable">1</entry><entry name="text">All selected dates from static calendar keywords up to this date will be deleted.</entry></properties></label></readpanel></dialog>]]></XUIEDITOR>
</PROMPTSETXUI>
<PROMPTSETDATA state="1">
<DATAEDITOR><![CDATA[<PRPTS ontop="1"><PRPTBOX><PRPT_CALENDARs.00 haslist="0" msgnr="-1" msginsert="" altview="0" promptname="PRPT_CALENDAR#" ReadFromTable="OPSE"></PRPT_CALENDARs.00><PRPT_TODATEs.00 haslist="0" msgnr="-1" msginsert="" altview="0" promptname="PRPT_TODATE#" ReadFromTable="OPSE">2018-09-27</PRPT_TODATEs.00></PRPTBOX></PRPTS>]]></DATAEDITOR>
</PROMPTSETDATA>
<DOCU_Allgemein state="1" type="text">
<DOC/>
</DOCU_Allgemein>
<DOCU_Details- state="1" type="xml">
<DOC/>
</DOCU_Details->
</PRPT>
<SCRI name="PCK.CUSTOM_DELETE_OLD_STATIC_DATES.PRV.SCRI.DELETE_OLD_SETTINGS">
<XHEADER state="1">
<Title>Delete old settings from static calendar keywords</Title>
<ArchiveKey1/>
<ArchiveKey2/>
<Active>1</Active>
<OH_SubType/>
<CustomAttributes KeyListID="0" dataRequestID="0"/>
</XHEADER>
<SYNCREF state="1">
<Syncs/>
</SYNCREF>
<ATTR_SCRI state="1">
<Queue>CLIENT_QUEUE</Queue>
<StartType/>
<ExtRepDef>1</ExtRepDef>
<ExtRepAll>0</ExtRepAll>
<ExtRepNone>0</ExtRepNone>
<IntAccount/>
<ActAtRun>0</ActAtRun>
<UC4Priority>0</UC4Priority>
<MaxParallel2>0</MaxParallel2>
<MpElse1>1</MpElse1>
<MpElse2>0</MpElse2>
<TZ/>
<AutoDeactNo>0</AutoDeactNo>
<AutoDeact1ErrorFree>0</AutoDeact1ErrorFree>
<AutoDeactErrorFree>0</AutoDeactErrorFree>
<DeactWhen/>
<AutoDeactAlways>1</AutoDeactAlways>
<DeactDelay>0</DeactDelay>
</ATTR_SCRI>
<RUNTIME state="1">
<MaxRetCode>0</MaxRetCode>
<MrcExecute/>
<MrcElseE>0</MrcElseE>
<FcstStatus>0| |</FcstStatus>
<Ert>1</Ert>
<ErtMethodDef>1</ErtMethodDef>
<ErtMethodFix>0</ErtMethodFix>
<ErtFix>0</ErtFix>
<ErtDynMethod>2|Average</ErtDynMethod>
<ErtMethodDyn>0</ErtMethodDyn>
<ErtCnt>0</ErtCnt>
<ErtCorr>0</ErtCorr>
<ErtIgn>0</ErtIgn>
<ErtIgnFlg>0</ErtIgnFlg>
<ErtMinCnt>0</ErtMinCnt>
<MrtMethodNone>1</MrtMethodNone>
<MrtMethodFix>0</MrtMethodFix>
<MrtFix>0</MrtFix>
<MrtMethodErt>0</MrtMethodErt>
<MrtErt>0</MrtErt>
<MrtMethodDate>0</MrtMethodDate>
<MrtDays>0</MrtDays>
<MrtTime>00:00</MrtTime>
<MrtTZ/>
<SrtMethodNone>1</SrtMethodNone>
<SrtMethodFix>0</SrtMethodFix>
<SrtFix>0</SrtFix>
<SrtMethodErt>0</SrtMethodErt>
<SrtErt>0</SrtErt>
<MrtCancel>0</MrtCancel>
<MrtExecute>0</MrtExecute>
<MrtExecuteObj/>
</RUNTIME>
<DYNVALUES state="1">
<dyntree>
<node content="1" id="VALUE" name="Variables" parent="" type="VALUE">
<VALUE state="1">
<Values>
<row ERTUsage="0" Name="&amp;CALENDAR#" Value="&amp;PRPT_CALENDAR#"/>
<row ERTUsage="0" Name="&amp;TO_DATE#" Value="&amp;PRPT_TODATE#"/>
</Values>
<Mode>0</Mode>
</VALUE>
</node>
</dyntree>
</DYNVALUES>
<ROLLBACK state="1">
<RollbackFlag>0</RollbackFlag>
<CBackupObj/>
<CRollbackObj/>
<FBackupPath/>
<FDeleteBefore>0</FDeleteBefore>
<FInclSubDirs>0</FInclSubDirs>
</ROLLBACK>
<SCRIPT mode="1" state="1">
<MSCRI><![CDATA[!Variables to set:
!&CALENDAR# = Name of the Calendar Object to process
!&TO_DATE#  = Selected dates before these date will be removed from static calendar keywords
:SET &HND# = PREP_PROCESS_VAR(PCK.CUSTOM_DELETE_OLD_STATIC_DATES.PRV.VARA.CALENDAR_STATIC)
:PROCESS &HND#
:   SET &TMP_CALENDAR# = GET_PROCESS_LINE(&HND#,2)
:   SET &key# = GET_PROCESS_LINE(&HND#,3)
:   SET &FROM_DATE# = GET_PROCESS_LINE(&HND#,4)
:   SET &TMP_TO_DATE# = GET_PROCESS_LINE(&HND#,5)
:   IF &TMP_TO_DATE# > &TO_DATE#
:     SET &TMP_TO_DATE# = &TO_DATE#
:   ENDIF
:   SET_CALE '&TMP_CALENDAR#','&key#',&FROM_DATE#,&TMP_TO_DATE#,off
:ENDPROCESS
:CLOSE_PROCESS &HND#]]></MSCRI>
</SCRIPT>
<DOCU_Allgemein state="1" type="text">
<DOC/>
</DOCU_Allgemein>
<DOCU_Details- state="1" type="xml">
<DOC/>
</DOCU_Details->
</SCRI>
<VARA OVD_VRName="FREI" data_type="SQLI" name="PCK.CUSTOM_DELETE_OLD_STATIC_DATES.PRV.VARA.CALENDAR_STATIC" replacementmode="2">
<HEADER state="1">
<Title>All static calendar keywords with valid from/to dates for calendar &amp;CALENDAR#</Title>
<ArchiveKey1/>
<ArchiveKey2/>
<OH_SubType>SQLI</OH_SubType>
</HEADER>
<ATTR_VARA state="1">
<Type>C|Text</Type>
<lblSource>SQL - internal</lblSource>
<source>SQLI</source>
<VRName>FREI|Freely selected</VRName>
<NotFoundErr>0</NotFoundErr>
<NotFoundDef>1</NotFoundDef>
<ShareN>0</ShareN>
<ShareL>0</ShareL>
<ShareR>0</ShareR>
<MaxValue_C>1024</MaxValue_C>
<CheckMax_C>0</CheckMax_C>
<uppercase>0</uppercase>
<sortColumn>0</sortColumn>
<sortDirection>0</sortDirection>
<HostType/>
</ATTR_VARA>
<VARA state="1">
<SQLI internal="YES">
<command.sql/>
<command.ora>select OH.OH_NAME, OKB.OKB_NAME, TO_CHAR(OKB.OKB_VALIDFROM,'YYMMDD') as VALIDFROM, TO_CHAR(OKB.OKB_VALIDTO,'YYMMDD') as VALIDTO from OH
join OKB on OH.OH_IDNR = OKB.OKB_OH_IDNR
where OKB.OKB_CTYPE = 'S'
and OH.OH_CLIENT = &amp;$CLIENT#
and OH.OH_NAME = '&amp;CALENDAR#'</command.ora>
<command.db2/>
<command.postgres/>
<BindParams>
<row Lnr="OVB_Lnr" Value="OVB_Value" id="OVB_OH_Idnr"/>
</BindParams>
<resultformat/>
<infobar/>
</SQLI>
</VARA>
<DOCU_Allgemein state="1" type="text">
<DOC/>
</DOCU_Allgemein>
<DOCU_Details- state="1" type="xml">
<DOC/>
</DOCU_Details->
</VARA>
<VARA OVD_VRName="FREI" data_type="SQLI" name="PCK.CUSTOM_DELETE_OLD_STATIC_DATES.PRV.VARA.CALENDARS" replacementmode="2">
<HEADER state="1">
<Title>All calendars</Title>
<ArchiveKey1/>
<ArchiveKey2/>
<OH_SubType>SQLI</OH_SubType>
</HEADER>
<ATTR_VARA state="1">
<Type>C|Text</Type>
<lblSource>SQL - internal</lblSource>
<source>SQLI</source>
<VRName>FREI|Freely selected</VRName>
<NotFoundErr>0</NotFoundErr>
<NotFoundDef>1</NotFoundDef>
<ShareN>0</ShareN>
<ShareL>0</ShareL>
<ShareR>0</ShareR>
<MaxValue_C>1024</MaxValue_C>
<CheckMax_C>0</CheckMax_C>
<uppercase>0</uppercase>
<sortColumn>0</sortColumn>
<sortDirection>0</sortDirection>
<HostType/>
</ATTR_VARA>
<VARA state="1">
<SQLI internal="YES">
<command.sql/>
<command.ora>select OH_NAME from OH
where OH_CLIENT = &amp;$CLIENT#
and OH_OTYPE = 'CALE'
and OH_DELETEFLAG = 0</command.ora>
<command.db2/>
<command.postgres/>
<BindParams>
<row Lnr="OVB_Lnr" Value="OVB_Value" id="OVB_OH_Idnr"/>
</BindParams>
<resultformat/>
<infobar/>
</SQLI>
</VARA>
<DOCU_Allgemein state="1" type="text">
<DOC/>
</DOCU_Allgemein>
<DOCU_Details- state="1" type="xml">
<DOC/>
</DOCU_Details->
</VARA>
</uc-export>
